metric,input_type,lower_is_better,taxonomy_root,taxonomy_leaf,taxonomy_path,KNN,ECOD,XGBOD,RBFSVC,RandomForest,Perfect,AlwaysNormal,AlwaysAnomaly,Inverted
dicec,binary,False,SPM,SPM,SPM,0.92283322,0.61302211,0.97424893,0.94871795,0.97372954,1.00000000,0.00000000,0.27298371,0.00000000
pak,continuous,False,SPM,SPM,SPM,0.89934265,0.59637284,0.95908899,0.95065373,0.95824547,1.00000000,0.15806667,0.15806667,0.00000000
pw_auc_pr,continuous,False,SPM,SPM,SPM,0.95507285,0.54582786,0.97200447,0.97425781,0.97477787,1.00000000,0.15806667,0.15806667,0.15806667
pw_auc_roc,continuous,False,SPM,SPM,SPM,0.97631912,0.89755769,0.97736234,0.98083715,0.98218795,1.00000000,0.50000000,0.50000000,0.00000000
pwf,binary,False,SPM,SPM,SPM,0.92283322,0.61302211,0.97424893,0.94871795,0.97372954,1.00000000,0.00000000,0.27298371,0.00000000
bpaf,binary,False,TEM,TPDM,TEM/TPDM,0.99580008,0.63008238,0.99454698,0.98545303,0.99580008,1.00000000,0.00000000,0.27298371,0.00079968
cf,binary,False,TEM,TPDM,TEM/TPDM,0.99779790,0.74663342,0.99583242,0.98912551,0.99735333,1.00000000,0.00000000,0.27298371,0.00000000
pa_auc_pr,continuous,False,TEM,TPDM,TEM/TPDM,1.00000000,0.85787358,0.85974750,0.85978092,0.57943049,1.00000000,0.57903333,0.57903333,0.07903333
pa_auc_roc,continuous,False,TEM,TPDM,TEM/TPDM,1.00000000,0.99967019,1.00000000,1.00000000,1.00000000,1.00000000,0.50000000,0.50000000,0.00000000
paf,binary,False,TEM,TPDM,TEM/TPDM,0.99810566,0.82354984,0.99600924,0.98997912,0.99747581,1.00000000,0.00000000,0.27298371,0.00000000
rbf,binary,False,TEM,TPDM,TEM/TPDM,0.93901742,0.50041739,0.79278273,0.61703991,0.79231536,1.00000000,0.00000000,0.73340229,0.00000000
swf,binary,False,TEM,TPDM,TEM/TPDM,0.54545455,0.00648649,0.66666667,0.33333333,0.60000000,1.00000000,0.00000000,1.00000000,0.00000000
adc,binary,False,TEM,PTDM,TEM/PTDM,0.85998336,0.63138686,0.95740690,0.92071031,0.95361317,1.00000000,0.00000000,1.00000000,0.00000000
dair,binary,False,TEM,PTDM,TEM/PTDM,0.99607843,0.69608136,0.99184549,0.97908497,0.99483204,1.00000000,0.00000000,0.15806667,0.00236986
pakf,binary,False,TEM,PTDM,TEM/PTDM,0.99810566,0.82354984,0.99600924,0.98997912,0.99747581,1.00000000,0.00000000,0.27298371,0.00000000
paklf,binary,False,TEM,PTDM,TEM/PTDM,0.95568232,0.77570938,0.97622617,0.95236033,0.97681408,1.00000000,0.00000000,0.27298371,0.00000000
taf,binary,False,TEM,PTDM,TEM/PTDM,0.94085690,0.50050485,0.80325497,0.61703991,0.84848232,1.00000000,0.00000000,0.14700432,0.00159730
tdir,binary,False,TEM,PTDM,TEM/PTDM,0.96415015,0.98144243,0.97469422,0.94770139,0.97427246,1.00000000,0.00000000,1.00000000,0.01265289
wdd,binary,False,TEM,PTDM,TEM/PTDM,1791.07158448,312.64937829,1948.43384754,1860.41119007,1948.40279163,2028.68581689,0.00000000,-10588.31418311,-12617.00000000
dtpaf,binary,False,TEM,DPM,TEM/DPM,0.00000000,0.00000000,0.00000000,0.00000000,0.00000000,1.00000000,0.00000000,0.27298371,0.00000000
eds,binary,False,TEM,DPM,TEM/DPM,0.46960588,0.96459586,0.47027388,0.62725451,0.47027388,0.49899800,0.00000000,1.00000000,1.00000000
lsaf,binary,False,TEM,DPM,TEM/DPM,0.98874017,0.81738827,0.98685883,0.98104465,0.98832519,1.00000000,0.00000000,0.27298371,0.00000000
mttd,binary,True,TEM,DPM,TEM/DPM,14.66666667,10.00000000,14.33333333,14.00000000,14.33333333,0.00000000,0.00000000,0.00000000,790.33333333
nab_score,binary,False,TEM,DPM,TEM/DPM,99.07185476,-1646.57475124,98.47612626,32.95514675,97.41865753,100.00000000,0.00000000,-21929.30423450,-22029.30423450
add,binary,True,TEM,TMEM,TEM/TMEM,0.22208821,0.21540894,0.23982239,0.23085934,0.23967386,0.24999987,0.00000000,0.24999987,0.00000000
etaf,binary,False,TEM,TMEM,TEM/TMEM,0.95307780,0.58490321,0.95765617,0.89536584,0.96185953,1.00000000,0.00000000,0.00000000,0.00000000
td,binary,True,TEM,TMEM,TEM/TMEM,1570.00000000,1182126.00000000,1086.00000000,24226.00000000,1308.00000000,0.00000000,35565000.00000000,15303575.00000000,15773231.00000000
aff_f,binary,False,TEM,TSTM,TEM/TSTM,0.99952780,0.86963078,0.99923652,0.99535082,0.99942017,1.00000000,0.00000000,0.67973227,0.57266442
naff_f,binary,False,TEM,TSTM,TEM/TSTM,0.99936906,0.80278475,0.99893660,0.99341974,0.99919947,1.00000000,0.00000000,0.46968490,0.28158834
pate,continuous,False,TEM,TSTM,TEM/TSTM,0.96148558,0.54578814,0.97216511,0.97460224,0.97482937,1.00000000,0.57903584,0.57903584,0.07904398
pate_f1,binary,False,TEM,TSTM,TEM/TSTM,0.92298271,0.61340588,0.97464331,0.94913588,0.97432588,1.00000000,0.00000000,0.27299117,0.00000500
ttf,binary,False,TEM,TSTM,TEM/TSTM,0.98033394,0.74170810,0.98483764,0.96284720,0.98546631,1.00000000,0.00000000,0.27596115,0.00400000
vus_pr,continuous,False,TEM,TSTM,TEM/TSTM,0.95519725,0.54589018,0.97208145,0.97399613,0.97487334,1.00000000,0.15831441,0.15831441,0.15806717
vus_roc,continuous,False,TEM,TSTM,TEM/TSTM,0.97663678,0.89812019,0.97781336,0.98135378,0.98266570,1.00000000,0.50007358,0.50007358,0.00092944
